{"cameraMode":{"drawMode":0,"name":"Shaded","section":"Shading Mode"},"sceneLighting":true,"audioPlay":false,"sceneViewState":{"m_AlwaysRefresh":false,"showFog":true,"showSkybox":false,"showFlares":true,"showImageEffects":true,"showParticleSystems":true,"showVisualEffectGraphs":true,"m_FxEnabled":true},"in2DMode":false,"pivot":{"x":0.27394038438796999,"y":3.0977835655212404,"z":2.961024284362793},"rotation":{"x":-0.014901749789714814,"y":0.9836881160736084,"z":-0.15049110352993012,"w":-0.09740571677684784},"size":0.21650634706020356,"orthographic":false}