{"cameraMode":{"drawMode":0,"name":"Shaded","section":"Shading Mode"},"sceneLighting":false,"audioPlay":false,"sceneViewState":{"m_AlwaysRefresh":false,"showFog":true,"showSkybox":false,"showFlares":true,"showImageEffects":true,"showParticleSystems":true,"showVisualEffectGraphs":true,"m_FxEnabled":true},"in2DMode":false,"pivot":{"x":-0.22022645175457,"y":0.38842782378196719,"z":-0.05515340715646744},"rotation":{"x":-0.01709151268005371,"y":0.7332528829574585,"z":0.01849990151822567,"w":0.6794127225875855},"size":0.8660253882408142,"orthographic":false}