{"cameraMode":{"drawMode":0,"name":"Shaded","section":"Shading Mode"},"sceneLighting":false,"audioPlay":false,"sceneViewState":{"m_AlwaysRefresh":false,"showFog":true,"showSkybox":false,"showFlares":true,"showImageEffects":true,"showParticleSystems":true,"showVisualEffectGraphs":true,"m_FxEnabled":true},"in2DMode":false,"pivot":{"x":0.12829656898975373,"y":0.02308371663093567,"z":0.044568415731191638},"rotation":{"x":-0.018088404089212419,"y":0.8534166216850281,"z":-0.029733745381236078,"w":-0.5200863480567932},"size":0.08660256862640381,"orthographic":false}