{"cameraMode":{"drawMode":0,"name":"Shaded","section":"Shading Mode"},"sceneLighting":false,"audioPlay":false,"sceneViewState":{"m_AlwaysRefresh":false,"showFog":true,"showSkybox":false,"showFlares":true,"showImageEffects":true,"showParticleSystems":true,"showVisualEffectGraphs":true,"m_FxEnabled":true},"in2DMode":false,"pivot":{"x":-1.8576472997665406,"y":0.624386727809906,"z":-0.2997223734855652},"rotation":{"x":0.045789193361997607,"y":0.6703784465789795,"z":-0.04145491495728493,"w":0.7393743991851807},"size":0.8660253882408142,"orthographic":false}